method, generation, latency, ar
surrogate, 1, 38.0, 0.625
surrogate, 1, 36.0, 0.59375
surrogate, 1, 35.0, 0.53125
surrogate, 1, 34.0, 0.5
surrogate, 1, 34.0, 0.5
surrogate, 1, 32.0, 0.4375
surrogate, 1, 32.0, 0.4375
surrogate, 1, 31.0, 0.34375
surrogate, 1, 31.0, 0.34375
surrogate, 1, 29.0, 0.28125
surrogate, 1, 28.0, 0.21875
surrogate, 1, 28.0, 0.21875
surrogate, 1, 27.0, 0.15625
surrogate, 1, 26.0, 0.09375
surrogate, 1, 26.0, 0.09375
surrogate, 1, 26.0, 0.09375
surrogate, 1, 26.0, 0.09375
surrogate, 1, 23.0, 0.0625
surrogate, 1, 23.0, 0.0625
surrogate, 1, 21.0, 0.03125
surrogate, 1, 21.0, 0.03125
surrogate, 1, 21.0, 0.03125
surrogate, 1, 21.0, 0.03125
surrogate, 2, 38.0, 0.625
surrogate, 2, 38.0, 0.625
surrogate, 2, 36.0, 0.59375
surrogate, 2, 36.0, 0.59375
surrogate, 2, 36.0, 0.59375
surrogate, 2, 35.0, 0.53125
surrogate, 2, 35.0, 0.53125
surrogate, 2, 34.0, 0.5
surrogate, 2, 34.0, 0.5
surrogate, 2, 34.0, 0.5
surrogate, 2, 32.0, 0.4375
surrogate, 2, 32.0, 0.4375
surrogate, 2, 32.0, 0.4375
surrogate, 2, 32.0, 0.4375
surrogate, 2, 31.0, 0.34375
surrogate, 2, 31.0, 0.34375
surrogate, 2, 31.0, 0.34375
surrogate, 2, 31.0, 0.34375
surrogate, 2, 29.0, 0.28125
surrogate, 2, 29.0, 0.28125
surrogate, 2, 28.0, 0.21875
surrogate, 2, 28.0, 0.21875
surrogate, 2, 28.0, 0.21875
surrogate, 2, 28.0, 0.21875
surrogate, 2, 27.0, 0.15625
surrogate, 2, 27.0, 0.15625
surrogate, 2, 26.0, 0.09375
surrogate, 2, 26.0, 0.09375
surrogate, 2, 26.0, 0.09375
surrogate, 2, 26.0, 0.09375
surrogate, 2, 26.0, 0.09375
surrogate, 2, 26.0, 0.09375
surrogate, 2, 26.0, 0.09375
surrogate, 2, 26.0, 0.09375
surrogate, 2, 23.0, 0.0625
surrogate, 2, 23.0, 0.0625
surrogate, 2, 23.0, 0.0625
surrogate, 2, 23.0, 0.0625
surrogate, 2, 21.0, 0.03125
surrogate, 2, 21.0, 0.03125
surrogate, 2, 21.0, 0.03125
surrogate, 2, 21.0, 0.03125
surrogate, 2, 21.0, 0.03125
surrogate, 2, 21.0, 0.03125
surrogate, 2, 21.0, 0.03125
surrogate, 2, 21.0, 0.03125
surrogate, 3, 37.0, 0.875
surrogate, 3, 35.0, 0.59375
surrogate, 3, 33.0, 0.5
surrogate, 3, 32.0, 0.46875
surrogate, 3, 31.0, 0.34375
surrogate, 3, 31.0, 0.34375
surrogate, 3, 31.0, 0.34375
surrogate, 3, 31.0, 0.34375
surrogate, 3, 31.0, 0.34375
surrogate, 3, 31.0, 0.34375
surrogate, 3, 31.0, 0.34375
surrogate, 3, 31.0, 0.34375
surrogate, 3, 29.0, 0.28125
surrogate, 3, 29.0, 0.28125
surrogate, 3, 28.0, 0.21875
surrogate, 3, 28.0, 0.21875
surrogate, 3, 28.0, 0.21875
surrogate, 3, 28.0, 0.21875
surrogate, 3, 28.0, 0.21875
surrogate, 3, 28.0, 0.21875
surrogate, 3, 28.0, 0.21875
surrogate, 3, 28.0, 0.21875
surrogate, 3, 27.0, 0.15625
surrogate, 3, 27.0, 0.15625
surrogate, 3, 27.0, 0.15625
surrogate, 3, 27.0, 0.15625
surrogate, 3, 26.0, 0.09375
surrogate, 3, 26.0, 0.09375
surrogate, 3, 26.0, 0.09375
surrogate, 3, 26.0, 0.09375
surrogate, 3, 26.0, 0.09375
surrogate, 3, 26.0, 0.09375
surrogate, 3, 26.0, 0.09375
surrogate, 3, 26.0, 0.09375
surrogate, 3, 26.0, 0.09375
surrogate, 3, 26.0, 0.09375
surrogate, 3, 26.0, 0.09375
surrogate, 3, 26.0, 0.09375
surrogate, 3, 26.0, 0.09375
surrogate, 3, 26.0, 0.09375
surrogate, 3, 26.0, 0.09375
surrogate, 3, 23.0, 0.0625
surrogate, 3, 23.0, 0.0625
surrogate, 3, 23.0, 0.0625
surrogate, 3, 23.0, 0.0625
surrogate, 3, 23.0, 0.0625
surrogate, 3, 23.0, 0.0625
surrogate, 3, 23.0, 0.0625
surrogate, 3, 23.0, 0.0625
surrogate, 3, 23.0, 0.0625
surrogate, 3, 21.0, 0.03125
surrogate, 3, 21.0, 0.03125
surrogate, 3, 21.0, 0.03125
surrogate, 3, 21.0, 0.03125
surrogate, 3, 21.0, 0.03125
surrogate, 3, 21.0, 0.03125
surrogate, 3, 21.0, 0.03125
surrogate, 3, 21.0, 0.03125
surrogate, 3, 21.0, 0.03125
surrogate, 3, 21.0, 0.03125
surrogate, 3, 21.0, 0.03125
surrogate, 3, 21.0, 0.03125
surrogate, 3, 21.0, 0.03125
surrogate, 3, 21.0, 0.03125
surrogate, 3, 21.0, 0.03125
surrogate, 3, 21.0, 0.03125
surrogate, 3, 21.0, 0.03125
surrogate, 4, 37.0, 0.875
surrogate, 4, 35.0, 0.59375
surrogate, 4, 33.0, 0.5
surrogate, 4, 33.0, 0.5
surrogate, 4, 32.0, 0.46875
surrogate, 4, 32.0, 0.46875
surrogate, 4, 31.0, 0.34375
surrogate, 4, 31.0, 0.34375
surrogate, 4, 31.0, 0.34375
surrogate, 4, 31.0, 0.34375
surrogate, 4, 31.0, 0.34375
surrogate, 4, 31.0, 0.34375
surrogate, 4, 31.0, 0.34375
surrogate, 4, 31.0, 0.34375
surrogate, 4, 31.0, 0.34375
surrogate, 4, 31.0, 0.34375
surrogate, 4, 31.0, 0.34375
surrogate, 4, 31.0, 0.34375
surrogate, 4, 31.0, 0.34375
surrogate, 4, 31.0, 0.34375
surrogate, 4, 31.0, 0.34375
surrogate, 4, 31.0, 0.34375
surrogate, 4, 29.0, 0.28125
surrogate, 4, 29.0, 0.28125
surrogate, 4, 29.0, 0.28125
surrogate, 4, 29.0, 0.28125
surrogate, 4, 28.0, 0.21875
surrogate, 4, 28.0, 0.21875
surrogate, 4, 28.0, 0.21875
surrogate, 4, 28.0, 0.21875
surrogate, 4, 28.0, 0.21875
surrogate, 4, 28.0, 0.21875
surrogate, 4, 28.0, 0.21875
surrogate, 4, 28.0, 0.21875
surrogate, 4, 28.0, 0.21875
surrogate, 4, 28.0, 0.21875
surrogate, 4, 28.0, 0.21875
surrogate, 4, 28.0, 0.21875
surrogate, 4, 28.0, 0.21875
surrogate, 4, 28.0, 0.21875
surrogate, 4, 27.0, 0.1875
surrogate, 4, 26.0, 0.125
surrogate, 4, 23.0, 0.0625
surrogate, 4, 23.0, 0.0625
surrogate, 4, 23.0, 0.0625
surrogate, 4, 23.0, 0.0625
surrogate, 4, 23.0, 0.0625
surrogate, 4, 23.0, 0.0625
surrogate, 4, 23.0, 0.0625
surrogate, 4, 23.0, 0.0625
surrogate, 4, 23.0, 0.0625
surrogate, 4, 23.0, 0.0625
surrogate, 4, 23.0, 0.0625
surrogate, 4, 23.0, 0.0625
surrogate, 4, 23.0, 0.0625
surrogate, 4, 23.0, 0.0625
surrogate, 4, 23.0, 0.0625
surrogate, 4, 23.0, 0.0625
surrogate, 4, 23.0, 0.0625
surrogate, 4, 21.0, 0.03125
surrogate, 4, 21.0, 0.03125
surrogate, 4, 21.0, 0.03125
surrogate, 4, 21.0, 0.03125
surrogate, 4, 21.0, 0.03125
surrogate, 4, 21.0, 0.03125
surrogate, 4, 21.0, 0.03125
surrogate, 4, 21.0, 0.03125
surrogate, 4, 21.0, 0.03125
surrogate, 4, 21.0, 0.03125
surrogate, 4, 21.0, 0.03125
surrogate, 4, 21.0, 0.03125
surrogate, 4, 21.0, 0.03125
surrogate, 4, 21.0, 0.03125
surrogate, 4, 21.0, 0.03125
surrogate, 4, 21.0, 0.03125
surrogate, 4, 21.0, 0.03125
surrogate, 4, 21.0, 0.03125
surrogate, 4, 21.0, 0.03125
surrogate, 4, 21.0, 0.03125
surrogate, 4, 21.0, 0.03125
surrogate, 4, 21.0, 0.03125
surrogate, 4, 21.0, 0.03125
surrogate, 4, 21.0, 0.03125
surrogate, 4, 21.0, 0.03125
surrogate, 4, 21.0, 0.03125
surrogate, 4, 21.0, 0.03125
surrogate, 4, 21.0, 0.03125
surrogate, 4, 21.0, 0.03125
surrogate, 4, 21.0, 0.03125
surrogate, 4, 21.0, 0.03125
surrogate, 4, 21.0, 0.03125
surrogate, 4, 21.0, 0.03125
surrogate, 4, 21.0, 0.03125
surrogate, 4, 21.0, 0.03125
surrogate, 5, 37.0, 0.875
surrogate, 5, 35.0, 0.65625
surrogate, 5, 33.0, 0.5
surrogate, 5, 33.0, 0.5
surrogate, 5, 33.0, 0.5
surrogate, 5, 33.0, 0.5
surrogate, 5, 32.0, 0.46875
surrogate, 5, 32.0, 0.46875
surrogate, 5, 32.0, 0.46875
surrogate, 5, 32.0, 0.46875
surrogate, 5, 31.0, 0.34375
surrogate, 5, 31.0, 0.34375
surrogate, 5, 31.0, 0.34375
surrogate, 5, 31.0, 0.34375
surrogate, 5, 31.0, 0.34375
surrogate, 5, 31.0, 0.34375
surrogate, 5, 31.0, 0.34375
surrogate, 5, 31.0, 0.34375
surrogate, 5, 31.0, 0.34375
surrogate, 5, 31.0, 0.34375
surrogate, 5, 31.0, 0.34375
surrogate, 5, 31.0, 0.34375
surrogate, 5, 31.0, 0.34375
surrogate, 5, 31.0, 0.34375
surrogate, 5, 31.0, 0.34375
surrogate, 5, 31.0, 0.34375
surrogate, 5, 31.0, 0.34375
surrogate, 5, 31.0, 0.34375
surrogate, 5, 31.0, 0.34375
surrogate, 5, 31.0, 0.34375
surrogate, 5, 31.0, 0.34375
surrogate, 5, 31.0, 0.34375
surrogate, 5, 31.0, 0.34375
surrogate, 5, 31.0, 0.34375
surrogate, 5, 31.0, 0.34375
surrogate, 5, 31.0, 0.34375
surrogate, 5, 31.0, 0.34375
surrogate, 5, 31.0, 0.34375
surrogate, 5, 31.0, 0.34375
surrogate, 5, 31.0, 0.34375
surrogate, 5, 30.0, 0.3125
surrogate, 5, 29.0, 0.28125
surrogate, 5, 29.0, 0.28125
surrogate, 5, 29.0, 0.28125
surrogate, 5, 29.0, 0.28125
surrogate, 5, 29.0, 0.28125
surrogate, 5, 29.0, 0.28125
surrogate, 5, 29.0, 0.28125
surrogate, 5, 29.0, 0.28125
surrogate, 5, 29.0, 0.28125
surrogate, 5, 28.0, 0.25
surrogate, 5, 28.0, 0.25
surrogate, 5, 27.0, 0.1875
surrogate, 5, 27.0, 0.1875
surrogate, 5, 27.0, 0.1875
surrogate, 5, 26.0, 0.15625
surrogate, 5, 22.0, 0.0625
surrogate, 5, 21.0, 0.03125
surrogate, 5, 21.0, 0.03125
surrogate, 5, 21.0, 0.03125
surrogate, 5, 21.0, 0.03125
surrogate, 5, 21.0, 0.03125
surrogate, 5, 21.0, 0.03125
surrogate, 5, 21.0, 0.03125
surrogate, 5, 21.0, 0.03125
surrogate, 5, 21.0, 0.03125
surrogate, 5, 21.0, 0.03125
surrogate, 5, 21.0, 0.03125
surrogate, 5, 21.0, 0.03125
surrogate, 5, 21.0, 0.03125
surrogate, 5, 21.0, 0.03125
surrogate, 5, 21.0, 0.03125
surrogate, 5, 21.0, 0.03125
surrogate, 5, 21.0, 0.03125
surrogate, 5, 21.0, 0.03125
surrogate, 5, 21.0, 0.03125
surrogate, 5, 21.0, 0.03125
surrogate, 5, 21.0, 0.03125
surrogate, 5, 21.0, 0.03125
surrogate, 5, 21.0, 0.03125
surrogate, 5, 21.0, 0.03125
surrogate, 5, 21.0, 0.03125
surrogate, 5, 21.0, 0.03125
surrogate, 5, 21.0, 0.03125
surrogate, 5, 21.0, 0.03125
surrogate, 5, 21.0, 0.03125
surrogate, 5, 21.0, 0.03125
surrogate, 5, 21.0, 0.03125
surrogate, 5, 21.0, 0.03125
surrogate, 5, 21.0, 0.03125
surrogate, 5, 21.0, 0.03125
surrogate, 5, 21.0, 0.03125
surrogate, 5, 21.0, 0.03125
surrogate, 5, 21.0, 0.03125
surrogate, 5, 21.0, 0.03125
surrogate, 5, 21.0, 0.03125
surrogate, 5, 21.0, 0.03125
surrogate, 5, 21.0, 0.03125
surrogate, 5, 21.0, 0.03125
surrogate, 5, 21.0, 0.03125
surrogate, 5, 21.0, 0.03125
surrogate, 5, 21.0, 0.03125
surrogate, 5, 21.0, 0.03125
surrogate, 5, 21.0, 0.03125
surrogate, 5, 21.0, 0.03125
surrogate, 5, 21.0, 0.03125
surrogate, 5, 21.0, 0.03125
surrogate, 5, 21.0, 0.03125
surrogate, 5, 21.0, 0.03125
surrogate, 5, 21.0, 0.03125
surrogate, 5, 21.0, 0.03125
surrogate, 5, 21.0, 0.03125
surrogate, 5, 21.0, 0.03125
surrogate, 5, 21.0, 0.03125
surrogate, 5, 21.0, 0.03125
surrogate, 5, 21.0, 0.03125
surrogate, 5, 21.0, 0.03125
surrogate, 5, 21.0, 0.03125
surrogate, 5, 21.0, 0.03125
surrogate, 5, 21.0, 0.03125
surrogate, 5, 21.0, 0.03125
surrogate, 5, 21.0, 0.03125
surrogate, 5, 21.0, 0.03125
surrogate, 5, 21.0, 0.03125
surrogate, 6, 37.0, 0.875
surrogate, 6, 35.0, 0.65625
surrogate, 6, 34.0, 0.53125
surrogate, 6, 33.0, 0.5
surrogate, 6, 33.0, 0.5
surrogate, 6, 33.0, 0.5
surrogate, 6, 33.0, 0.5
surrogate, 6, 33.0, 0.5
surrogate, 6, 33.0, 0.5
surrogate, 6, 33.0, 0.5
surrogate, 6, 33.0, 0.5
surrogate, 6, 32.0, 0.46875
surrogate, 6, 32.0, 0.46875
surrogate, 6, 32.0, 0.46875
surrogate, 6, 32.0, 0.46875
surrogate, 6, 32.0, 0.46875
surrogate, 6, 32.0, 0.46875
surrogate, 6, 32.0, 0.46875
surrogate, 6, 32.0, 0.46875
surrogate, 6, 30.0, 0.34375
surrogate, 6, 29.0, 0.28125
surrogate, 6, 29.0, 0.28125
surrogate, 6, 29.0, 0.28125
surrogate, 6, 29.0, 0.28125
surrogate, 6, 29.0, 0.28125
surrogate, 6, 29.0, 0.28125
surrogate, 6, 29.0, 0.28125
surrogate, 6, 29.0, 0.28125
surrogate, 6, 29.0, 0.28125
surrogate, 6, 29.0, 0.28125
surrogate, 6, 29.0, 0.28125
surrogate, 6, 29.0, 0.28125
surrogate, 6, 29.0, 0.28125
surrogate, 6, 29.0, 0.28125
surrogate, 6, 29.0, 0.28125
surrogate, 6, 29.0, 0.28125
surrogate, 6, 29.0, 0.28125
surrogate, 6, 28.0, 0.25
surrogate, 6, 28.0, 0.25
surrogate, 6, 28.0, 0.25
surrogate, 6, 28.0, 0.25
surrogate, 6, 28.0, 0.25
surrogate, 6, 28.0, 0.25
surrogate, 6, 27.0, 0.21875
surrogate, 6, 25.0, 0.15625
surrogate, 6, 22.0, 0.0625
surrogate, 6, 22.0, 0.0625
surrogate, 6, 21.0, 0.03125
surrogate, 6, 21.0, 0.03125
surrogate, 6, 21.0, 0.03125
surrogate, 6, 21.0, 0.03125
surrogate, 6, 21.0, 0.03125
surrogate, 6, 21.0, 0.03125
surrogate, 6, 21.0, 0.03125
surrogate, 6, 21.0, 0.03125
surrogate, 6, 21.0, 0.03125
surrogate, 6, 21.0, 0.03125
surrogate, 6, 21.0, 0.03125
surrogate, 6, 21.0, 0.03125
surrogate, 6, 21.0, 0.03125
surrogate, 6, 21.0, 0.03125
surrogate, 6, 21.0, 0.03125
surrogate, 6, 21.0, 0.03125
surrogate, 6, 21.0, 0.03125
surrogate, 6, 21.0, 0.03125
surrogate, 6, 21.0, 0.03125
surrogate, 6, 21.0, 0.03125
surrogate, 6, 21.0, 0.03125
surrogate, 6, 21.0, 0.03125
surrogate, 6, 21.0, 0.03125
surrogate, 6, 21.0, 0.03125
surrogate, 6, 21.0, 0.03125
surrogate, 6, 21.0, 0.03125
surrogate, 6, 21.0, 0.03125
surrogate, 6, 21.0, 0.03125
surrogate, 6, 21.0, 0.03125
surrogate, 6, 21.0, 0.03125
surrogate, 6, 21.0, 0.03125
surrogate, 6, 21.0, 0.03125
surrogate, 6, 21.0, 0.03125
surrogate, 6, 21.0, 0.03125
surrogate, 6, 21.0, 0.03125
surrogate, 6, 21.0, 0.03125
surrogate, 6, 21.0, 0.03125
surrogate, 6, 21.0, 0.03125
surrogate, 6, 21.0, 0.03125
surrogate, 6, 21.0, 0.03125
surrogate, 6, 21.0, 0.03125
surrogate, 6, 21.0, 0.03125
surrogate, 6, 21.0, 0.03125
surrogate, 6, 21.0, 0.03125
surrogate, 6, 21.0, 0.03125
surrogate, 6, 21.0, 0.03125
surrogate, 6, 21.0, 0.03125
surrogate, 6, 21.0, 0.03125
surrogate, 6, 21.0, 0.03125
surrogate, 6, 21.0, 0.03125
surrogate, 6, 21.0, 0.03125
surrogate, 6, 21.0, 0.03125
surrogate, 6, 21.0, 0.03125
surrogate, 6, 21.0, 0.03125
surrogate, 6, 21.0, 0.03125
surrogate, 6, 21.0, 0.03125
surrogate, 6, 21.0, 0.03125
surrogate, 6, 21.0, 0.03125
surrogate, 6, 21.0, 0.03125
surrogate, 6, 21.0, 0.03125
surrogate, 6, 21.0, 0.03125
surrogate, 6, 21.0, 0.03125
surrogate, 6, 21.0, 0.03125
surrogate, 6, 21.0, 0.03125
surrogate, 6, 21.0, 0.03125
surrogate, 6, 21.0, 0.03125
surrogate, 6, 21.0, 0.03125
surrogate, 6, 21.0, 0.03125
surrogate, 6, 21.0, 0.03125
surrogate, 6, 21.0, 0.03125
surrogate, 6, 21.0, 0.03125
surrogate, 6, 21.0, 0.03125
surrogate, 6, 21.0, 0.03125
surrogate, 6, 21.0, 0.03125
surrogate, 6, 21.0, 0.03125
surrogate, 6, 21.0, 0.03125
surrogate, 6, 21.0, 0.03125
surrogate, 6, 21.0, 0.03125
surrogate, 6, 21.0, 0.03125
surrogate, 6, 21.0, 0.03125
surrogate, 6, 21.0, 0.03125
surrogate, 6, 21.0, 0.03125
surrogate, 6, 21.0, 0.03125
surrogate, 6, 21.0, 0.03125
surrogate, 6, 21.0, 0.03125
surrogate, 6, 21.0, 0.03125
surrogate, 6, 21.0, 0.03125
surrogate, 6, 21.0, 0.03125
surrogate, 6, 21.0, 0.03125
surrogate, 6, 21.0, 0.03125
surrogate, 6, 21.0, 0.03125
surrogate, 6, 21.0, 0.03125
surrogate, 6, 21.0, 0.03125
surrogate, 6, 21.0, 0.03125
surrogate, 6, 21.0, 0.03125
surrogate, 6, 21.0, 0.03125
surrogate, 6, 21.0, 0.03125
surrogate, 6, 21.0, 0.03125
surrogate, 6, 21.0, 0.03125
surrogate, 6, 21.0, 0.03125
surrogate, 6, 21.0, 0.03125
surrogate, 6, 21.0, 0.03125
surrogate, 6, 21.0, 0.03125
surrogate, 6, 21.0, 0.03125
surrogate, 6, 21.0, 0.03125
surrogate, 6, 21.0, 0.03125
surrogate, 6, 21.0, 0.03125
surrogate, 6, 21.0, 0.03125
surrogate, 6, 21.0, 0.03125
surrogate, 6, 21.0, 0.03125
surrogate, 6, 21.0, 0.03125
surrogate, 6, 21.0, 0.03125
surrogate, 6, 21.0, 0.03125
surrogate, 6, 21.0, 0.03125
surrogate, 6, 21.0, 0.03125
surrogate, 6, 21.0, 0.03125
surrogate, 6, 21.0, 0.03125
surrogate, 6, 21.0, 0.03125
surrogate, 6, 21.0, 0.03125
surrogate, 6, 21.0, 0.03125
surrogate, 6, 21.0, 0.03125
surrogate, 6, 21.0, 0.03125
surrogate, 6, 21.0, 0.03125
surrogate, 6, 21.0, 0.03125
surrogate, 6, 21.0, 0.03125
surrogate, 6, 21.0, 0.03125
surrogate, 6, 21.0, 0.03125
surrogate, 6, 21.0, 0.03125
surrogate, 6, 21.0, 0.03125
surrogate, 6, 21.0, 0.03125
surrogate, 6, 21.0, 0.03125
surrogate, 6, 21.0, 0.03125
surrogate, 6, 21.0, 0.03125
surrogate, 6, 21.0, 0.03125
surrogate, 6, 21.0, 0.03125
surrogate, 6, 21.0, 0.03125
surrogate, 7, 37.0, 0.875
surrogate, 7, 35.0, 0.65625
surrogate, 7, 34.0, 0.625
surrogate, 7, 33.0, 0.5
surrogate, 7, 33.0, 0.5
surrogate, 7, 33.0, 0.5
surrogate, 7, 33.0, 0.5
surrogate, 7, 33.0, 0.5
surrogate, 7, 33.0, 0.5
surrogate, 7, 33.0, 0.5
surrogate, 7, 33.0, 0.5
surrogate, 7, 33.0, 0.5
surrogate, 7, 33.0, 0.5
surrogate, 7, 33.0, 0.5
surrogate, 7, 33.0, 0.5
surrogate, 7, 33.0, 0.5
surrogate, 7, 33.0, 0.5
surrogate, 7, 33.0, 0.5
surrogate, 7, 33.0, 0.5
surrogate, 7, 33.0, 0.5
surrogate, 7, 33.0, 0.5
surrogate, 7, 33.0, 0.5
surrogate, 7, 32.0, 0.46875
surrogate, 7, 32.0, 0.46875
surrogate, 7, 32.0, 0.46875
surrogate, 7, 32.0, 0.46875
surrogate, 7, 32.0, 0.46875
surrogate, 7, 32.0, 0.46875
surrogate, 7, 32.0, 0.46875
surrogate, 7, 32.0, 0.46875
surrogate, 7, 32.0, 0.46875
surrogate, 7, 32.0, 0.46875
surrogate, 7, 32.0, 0.46875
surrogate, 7, 32.0, 0.46875
surrogate, 7, 32.0, 0.46875
surrogate, 7, 32.0, 0.46875
surrogate, 7, 32.0, 0.46875
surrogate, 7, 31.0, 0.4375
surrogate, 7, 30.0, 0.34375
surrogate, 7, 29.0, 0.28125
surrogate, 7, 29.0, 0.28125
surrogate, 7, 29.0, 0.28125
surrogate, 7, 29.0, 0.28125
surrogate, 7, 29.0, 0.28125
surrogate, 7, 29.0, 0.28125
surrogate, 7, 29.0, 0.28125
surrogate, 7, 29.0, 0.28125
surrogate, 7, 29.0, 0.28125
surrogate, 7, 29.0, 0.28125
surrogate, 7, 29.0, 0.28125
surrogate, 7, 29.0, 0.28125
surrogate, 7, 29.0, 0.28125
surrogate, 7, 29.0, 0.28125
surrogate, 7, 29.0, 0.28125
surrogate, 7, 29.0, 0.28125
surrogate, 7, 29.0, 0.28125
surrogate, 7, 29.0, 0.28125
surrogate, 7, 29.0, 0.28125
surrogate, 7, 29.0, 0.28125
surrogate, 7, 29.0, 0.28125
surrogate, 7, 29.0, 0.28125
surrogate, 7, 29.0, 0.28125
surrogate, 7, 29.0, 0.28125
surrogate, 7, 29.0, 0.28125
surrogate, 7, 29.0, 0.28125
surrogate, 7, 29.0, 0.28125
surrogate, 7, 29.0, 0.28125
surrogate, 7, 29.0, 0.28125
surrogate, 7, 29.0, 0.28125
surrogate, 7, 29.0, 0.28125
surrogate, 7, 29.0, 0.28125
surrogate, 7, 29.0, 0.28125
surrogate, 7, 29.0, 0.28125
surrogate, 7, 28.0, 0.25
surrogate, 7, 28.0, 0.25
surrogate, 7, 28.0, 0.25
surrogate, 7, 28.0, 0.25
surrogate, 7, 28.0, 0.25
surrogate, 7, 28.0, 0.25
surrogate, 7, 28.0, 0.25
surrogate, 7, 28.0, 0.25
surrogate, 7, 28.0, 0.25
surrogate, 7, 28.0, 0.25
surrogate, 7, 28.0, 0.25
surrogate, 7, 26.0, 0.21875
surrogate, 7, 25.0, 0.15625
surrogate, 7, 25.0, 0.15625
surrogate, 7, 22.0, 0.0625
surrogate, 7, 22.0, 0.0625
surrogate, 7, 22.0, 0.0625
surrogate, 7, 19.0, 0.03125
surrogate, 8, 37.0, 0.875
surrogate, 8, 37.0, 0.875
surrogate, 8, 36.0, 0.71875
surrogate, 8, 35.0, 0.65625
surrogate, 8, 34.0, 0.625
surrogate, 8, 34.0, 0.625
surrogate, 8, 33.0, 0.5
surrogate, 8, 33.0, 0.5
surrogate, 8, 33.0, 0.5
surrogate, 8, 33.0, 0.5
surrogate, 8, 33.0, 0.5
surrogate, 8, 33.0, 0.5
surrogate, 8, 33.0, 0.5
surrogate, 8, 33.0, 0.5
surrogate, 8, 33.0, 0.5
surrogate, 8, 33.0, 0.5
surrogate, 8, 33.0, 0.5
surrogate, 8, 33.0, 0.5
surrogate, 8, 33.0, 0.5
surrogate, 8, 33.0, 0.5
surrogate, 8, 33.0, 0.5
surrogate, 8, 33.0, 0.5
surrogate, 8, 33.0, 0.5
surrogate, 8, 33.0, 0.5
surrogate, 8, 33.0, 0.5
surrogate, 8, 33.0, 0.5
surrogate, 8, 33.0, 0.5
surrogate, 8, 33.0, 0.5
surrogate, 8, 33.0, 0.5
surrogate, 8, 33.0, 0.5
surrogate, 8, 33.0, 0.5
surrogate, 8, 33.0, 0.5
surrogate, 8, 33.0, 0.5
surrogate, 8, 33.0, 0.5
surrogate, 8, 33.0, 0.5
surrogate, 8, 33.0, 0.5
surrogate, 8, 31.0, 0.46875
surrogate, 8, 30.0, 0.34375
surrogate, 8, 30.0, 0.34375
surrogate, 8, 29.0, 0.3125
surrogate, 8, 27.0, 0.25
surrogate, 8, 26.0, 0.21875
surrogate, 8, 26.0, 0.21875
surrogate, 8, 25.0, 0.15625
surrogate, 8, 25.0, 0.15625
surrogate, 8, 25.0, 0.15625
surrogate, 8, 22.0, 0.0625
surrogate, 8, 22.0, 0.0625
surrogate, 8, 22.0, 0.0625
surrogate, 8, 22.0, 0.0625
surrogate, 8, 22.0, 0.0625
surrogate, 8, 22.0, 0.0625
surrogate, 8, 19.0, 0.03125
surrogate, 8, 19.0, 0.03125
surrogate, 8, 19.0, 0.03125
surrogate, 8, 19.0, 0.03125
surrogate, 9, 37.0, 0.875
surrogate, 9, 37.0, 0.875
surrogate, 9, 37.0, 0.875
surrogate, 9, 36.0, 0.71875
surrogate, 9, 35.0, 0.65625
surrogate, 9, 34.0, 0.625
surrogate, 9, 34.0, 0.625
surrogate, 9, 34.0, 0.625
surrogate, 9, 33.0, 0.53125
surrogate, 9, 31.0, 0.46875
surrogate, 9, 30.0, 0.40625
surrogate, 9, 29.0, 0.3125
surrogate, 9, 29.0, 0.3125
surrogate, 9, 27.0, 0.25
surrogate, 9, 27.0, 0.25
surrogate, 9, 26.0, 0.21875
surrogate, 9, 26.0, 0.21875
surrogate, 9, 26.0, 0.21875
surrogate, 9, 25.0, 0.15625
surrogate, 9, 25.0, 0.15625
surrogate, 9, 25.0, 0.15625
surrogate, 9, 25.0, 0.15625
surrogate, 9, 25.0, 0.15625
surrogate, 9, 25.0, 0.15625
surrogate, 9, 21.0, 0.0625
surrogate, 9, 19.0, 0.03125
surrogate, 9, 19.0, 0.03125
surrogate, 9, 19.0, 0.03125
surrogate, 9, 19.0, 0.03125
surrogate, 9, 19.0, 0.03125
surrogate, 9, 19.0, 0.03125
surrogate, 9, 19.0, 0.03125
surrogate, 9, 19.0, 0.03125
surrogate, 9, 19.0, 0.03125
surrogate, 9, 19.0, 0.03125
surrogate, 10, 37.0, 0.875
surrogate, 10, 37.0, 0.875
surrogate, 10, 37.0, 0.875
surrogate, 10, 37.0, 0.875
surrogate, 10, 36.0, 0.71875
surrogate, 10, 35.0, 0.65625
surrogate, 10, 34.0, 0.625
surrogate, 10, 34.0, 0.625
surrogate, 10, 34.0, 0.625
surrogate, 10, 34.0, 0.625
surrogate, 10, 33.0, 0.5625
surrogate, 10, 32.0, 0.5
surrogate, 10, 32.0, 0.5
surrogate, 10, 32.0, 0.5
surrogate, 10, 32.0, 0.5
surrogate, 10, 31.0, 0.46875
surrogate, 10, 31.0, 0.46875
surrogate, 10, 31.0, 0.46875
surrogate, 10, 31.0, 0.46875
surrogate, 10, 30.0, 0.40625
surrogate, 10, 30.0, 0.40625
surrogate, 10, 29.0, 0.3125
surrogate, 10, 29.0, 0.3125
surrogate, 10, 29.0, 0.3125
surrogate, 10, 28.0, 0.28125
surrogate, 10, 27.0, 0.25
surrogate, 10, 27.0, 0.25
surrogate, 10, 27.0, 0.25
surrogate, 10, 26.0, 0.21875
surrogate, 10, 26.0, 0.21875
surrogate, 10, 26.0, 0.21875
surrogate, 10, 26.0, 0.21875
surrogate, 10, 26.0, 0.21875
surrogate, 10, 26.0, 0.21875
surrogate, 10, 24.0, 0.15625
surrogate, 10, 21.0, 0.0625
surrogate, 10, 21.0, 0.0625
surrogate, 10, 19.0, 0.03125
surrogate, 10, 19.0, 0.03125
surrogate, 10, 19.0, 0.03125
surrogate, 10, 19.0, 0.03125
surrogate, 10, 19.0, 0.03125
surrogate, 10, 19.0, 0.03125
surrogate, 10, 19.0, 0.03125
surrogate, 10, 19.0, 0.03125
surrogate, 10, 19.0, 0.03125
surrogate, 10, 19.0, 0.03125
surrogate, 10, 19.0, 0.03125
surrogate, 10, 19.0, 0.03125
surrogate, 10, 19.0, 0.03125
surrogate, 10, 19.0, 0.03125
surrogate, 10, 19.0, 0.03125
surrogate, 10, 19.0, 0.03125
surrogate, 10, 19.0, 0.03125
surrogate, 10, 19.0, 0.03125
surrogate, 10, 19.0, 0.03125
surrogate, 10, 19.0, 0.03125
surrogate, 10, 19.0, 0.03125
surrogate, 10, 19.0, 0.03125
surrogate, 10, 19.0, 0.03125
surrogate, 11, 37.0, 1.0
surrogate, 11, 36.0, 0.71875
surrogate, 11, 36.0, 0.71875
surrogate, 11, 35.0, 0.65625
surrogate, 11, 34.0, 0.625
surrogate, 11, 34.0, 0.625
surrogate, 11, 34.0, 0.625
surrogate, 11, 34.0, 0.625
surrogate, 11, 34.0, 0.625
surrogate, 11, 33.0, 0.5625
surrogate, 11, 32.0, 0.5
surrogate, 11, 32.0, 0.5
surrogate, 11, 32.0, 0.5
surrogate, 11, 32.0, 0.5
surrogate, 11, 32.0, 0.5
surrogate, 11, 31.0, 0.46875
surrogate, 11, 31.0, 0.46875
surrogate, 11, 31.0, 0.46875
surrogate, 11, 31.0, 0.46875
surrogate, 11, 31.0, 0.46875
surrogate, 11, 31.0, 0.46875
surrogate, 11, 31.0, 0.46875
surrogate, 11, 30.0, 0.40625
surrogate, 11, 30.0, 0.40625
surrogate, 11, 30.0, 0.40625
surrogate, 11, 30.0, 0.40625
surrogate, 11, 29.0, 0.3125
surrogate, 11, 29.0, 0.3125
surrogate, 11, 29.0, 0.3125
surrogate, 11, 29.0, 0.3125
surrogate, 11, 29.0, 0.3125
surrogate, 11, 29.0, 0.3125
surrogate, 11, 28.0, 0.28125
surrogate, 11, 28.0, 0.28125
surrogate, 11, 27.0, 0.25
surrogate, 11, 27.0, 0.25
surrogate, 11, 27.0, 0.25
surrogate, 11, 27.0, 0.25
surrogate, 11, 27.0, 0.25
surrogate, 11, 27.0, 0.25
surrogate, 11, 25.0, 0.21875
surrogate, 11, 24.0, 0.15625
surrogate, 11, 24.0, 0.15625
surrogate, 11, 21.0, 0.0625
surrogate, 11, 21.0, 0.0625
surrogate, 11, 21.0, 0.0625
surrogate, 11, 19.0, 0.03125
surrogate, 11, 19.0, 0.03125
surrogate, 11, 19.0, 0.03125
surrogate, 11, 19.0, 0.03125
surrogate, 11, 19.0, 0.03125
surrogate, 11, 19.0, 0.03125
surrogate, 11, 19.0, 0.03125
surrogate, 11, 19.0, 0.03125
surrogate, 11, 19.0, 0.03125
surrogate, 11, 19.0, 0.03125
surrogate, 11, 19.0, 0.03125
surrogate, 11, 19.0, 0.03125
surrogate, 11, 19.0, 0.03125
surrogate, 11, 19.0, 0.03125
surrogate, 11, 19.0, 0.03125
surrogate, 11, 19.0, 0.03125
surrogate, 11, 19.0, 0.03125
surrogate, 11, 19.0, 0.03125
surrogate, 11, 19.0, 0.03125
surrogate, 11, 19.0, 0.03125
surrogate, 11, 19.0, 0.03125
surrogate, 11, 19.0, 0.03125
surrogate, 11, 19.0, 0.03125
surrogate, 11, 19.0, 0.03125
surrogate, 11, 19.0, 0.03125
surrogate, 11, 19.0, 0.03125
surrogate, 11, 19.0, 0.03125
surrogate, 11, 19.0, 0.03125
surrogate, 11, 19.0, 0.03125
surrogate, 11, 19.0, 0.03125
surrogate, 11, 19.0, 0.03125
surrogate, 11, 19.0, 0.03125
surrogate, 11, 19.0, 0.03125
surrogate, 11, 19.0, 0.03125
surrogate, 11, 19.0, 0.03125
surrogate, 11, 19.0, 0.03125
surrogate, 11, 19.0, 0.03125
surrogate, 11, 19.0, 0.03125
surrogate, 11, 19.0, 0.03125
surrogate, 11, 19.0, 0.03125
surrogate, 11, 19.0, 0.03125
surrogate, 11, 19.0, 0.03125
surrogate, 11, 19.0, 0.03125
surrogate, 11, 19.0, 0.03125
surrogate, 11, 19.0, 0.03125
surrogate, 11, 19.0, 0.03125
surrogate, 11, 19.0, 0.03125
surrogate, 11, 19.0, 0.03125
surrogate, 11, 19.0, 0.03125
surrogate, 11, 19.0, 0.03125
emulator, 11, 39.0, 1.0
